time,volume
0,770759.1460694878
5,751502.9764656282
10,732229.0854269464
15,712974.4564845775
20,693716.2221586754
25,674452.3359847708
30,655191.9825657427
35,655191.9825657427
40,655191.9825657427
45,655191.9825657427
50,655191.9825657427
55,655191.9825657427
60,655191.9825657427
65,655191.9825657427
70,655191.9825657427
75,655191.9825657427
80,655191.9825657427
85,655191.9825657427
90,655191.9825657427
95,655191.9825657427
100,655191.9825657427
105,655191.9825657427
110,655191.9825657427
115,655191.9825657427
120,655191.9825657427
125,655191.9825657427
130,655191.9825657427
135,655191.9825657427
140,655191.9825657427
145,655191.9825657427
150,620032.0047536017
155,586435.5956422348
160,552833.2607253268
165,519261.5210115393
170,485651.57456763595
175,452069.60696291405
180,418466.40948383376
185,384869.42515134497
190,351286.9330300335
195,317689.2598549245
200,317689.2598549245
205,317689.2598549245
210,317689.2598549245
215,317689.2598549245
220,317689.2598549245
225,317689.2598549245
230,317689.2598549245
235,317689.2598549245
240,317689.2598549245
245,317689.2598549245
250,317689.2598549245
255,317689.2598549245
260,317689.2598549245
265,317689.2598549245
270,317689.2598549245
275,317689.2598549245
280,317689.2598549245
285,317689.2598549245
290,317689.2598549245
295,317689.2598549245
300,317689.2598549245
305,317689.2598549245
310,317689.2598549245
315,317689.2598549245
320,317689.2598549245
325,317689.2598549245
330,317689.2598549245
335,317689.2598549245
340,317689.2598549245
345,317689.2598549245
350,317689.2598549245
355,317689.2598549245
360,317689.2598549245
365,317689.2598549245
370,317689.2598549245
375,267758.8933678622
380,136186.9636949048
385,136186.9636949048
390,136186.9636949048
395,136186.9636949048
400,136186.9636949048
405,136186.9636949048
410,136186.9636949048
415,136186.9636949048
420,136186.9636949048
425,136186.9636949048
430,136186.9636949048
435,136186.9636949048
440,655665.1210371648
445,579724.8389307988
450,503774.5402090906
455,427827.58532326145
460,427827.58532326145
465,427827.58532326145
470,427827.58532326145
475,427827.58532326145
480,427827.58532326145
485,427827.58532326145
490,427827.58532326145
495,427827.58532326145
500,427827.58532326145
505,427827.58532326145
510,427827.58532326145
515,427827.58532326145
520,427827.58532326145
525,427827.58532326145
530,427827.58532326145
535,427827.58532326145
540,427827.58532326145
545,427827.58532326145
550,427827.58532326145
555,427827.58532326145
560,427827.58532326145
565,427827.58532326145
570,427827.58532326145
575,360158.6847249381
580,355955.06752395956
585,351757.48721954226
590,347554.9393406629
595,343355.708714199
600,339154.32583639305
605,334940.1867155642
610,330746.6011521423
615,326543.8540343587
620,322342.1367584675
625,322342.1367584675
630,322342.1367584675
635,322342.1367584675
640,322342.1367584675
645,322342.1367584675
650,322342.1367584675
655,322342.1367584675
660,322342.1367584675
665,322342.1367584675
670,322342.1367584675
675,322342.1367584675
680,702245.6736879927
685,679720.8688300708
690,657197.939249797
695,634681.255205728
700,612165.2026959116
705,589646.5960568179
710,567130.4238199543
715,544620.6040394568
720,522090.3375137849
725,499571.2089500533
730,499571.2089500533
735,499571.2089500533
740,499571.2089500533
745,499571.2089500533
750,499571.2089500533
755,499571.2089500533
760,499571.2089500533
765,499571.2089500533
770,499571.2089500533
775,499571.2089500533
780,499571.2089500533
785,499571.2089500533
790,499571.2089500533
795,499571.2089500533
800,499571.2089500533
805,499571.2089500533
810,499571.2089500533
815,499571.2089500533
820,499571.2089500533
825,499571.2089500533
830,499571.2089500533
835,499571.2089500533
840,499571.2089500533
845,499571.2089500533
850,499571.2089500533
855,499571.2089500533
860,499571.2089500533
865,499571.2089500533
870,499571.2089500533
875,499571.2089500533
880,499571.2089500533
885,499571.2089500533
890,499571.2089500533
895,499571.2089500533
900,499571.2089500533
905,499571.2089500533
910,499571.2089500533
915,499571.2089500533
920,499571.2089500533
925,499571.2089500533
930,499571.2089500533
935,499571.2089500533
940,499571.2089500533
945,499571.2089500533
950,499571.2089500533
955,499571.2089500533
960,499571.2089500533
965,473152.24245413725
970,397102.22049586236
975,321076.00148564606
980,245022.4948643074
985,245022.4948643074
990,245022.4948643074
995,245022.4948643074
1000,245022.4948643074
1005,245022.4948643074
1010,245022.4948643074
1015,245022.4948643074
1020,245022.4948643074
1025,245022.4948643074
1030,245022.4948643074
1035,245022.4948643074
1040,245022.4948643074
1045,245022.4948643074
1050,245022.4948643074
1055,245022.4948643074
1060,245022.4948643074
1065,245022.4948643074
1070,245022.4948643074
1075,245022.4948643074
1080,245022.4948643074
1085,245022.4948643074
1090,245022.4948643074
1095,245022.4948643074
1100,225399.60458262032
1105,220398.25924686028
1110,215390.37402461885
1115,210387.20874447856
1120,205395.95218355168
1125,200389.72648014032
1130,195388.14558293528
1135,190390.6146603217
1140,185386.31272593504
1145,185386.31272593504
1150,185386.31272593504
1155,185386.31272593504
1160,185386.31272593504
1165,185386.31272593504
1170,185386.31272593504
1175,185386.31272593504
1180,185386.31272593504
1185,185386.31272593504
1190,185386.31272593504
1195,185386.31272593504
1200,185386.31272593504
1205,185386.31272593504
1210,185386.31272593504
1215,185386.31272593504
1220,185386.31272593504
1225,185386.31272593504
1230,185386.31272593504
1235,185386.31272593504
1240,185386.31272593504
1245,185386.31272593504
1250,185386.31272593504
1255,185386.31272593504
1260,185386.31272593504
1265,185386.31272593504
1270,185386.31272593504
1275,185386.31272593504
1280,185386.31272593504
1285,185386.31272593504
1290,185386.31272593504
1295,185386.31272593504
1300,185386.31272593504
1305,185386.31272593504
1310,185386.31272593504
1315,185386.31272593504
1320,167041.45560680333
1325,159122.23329503572
1330,151213.4237284489
1335,143301.6990529591
1340,135375.82442310016
1345,127462.91334520484
1350,127462.91334520484
1355,127462.91334520484
1360,127462.91334520484
1365,127462.91334520484
1370,127462.91334520484
1375,127462.91334520484
1380,127462.91334520484
1385,127462.91334520484
1390,127462.91334520484
1395,127462.91334520484
1400,127462.91334520484
1405,127462.91334520484
1410,127462.91334520484
1415,127462.91334520484
1420,127462.91334520484
1425,127462.91334520484
1430,127462.91334520484
1435,127462.91334520484
1440,127462.91334520484
1445,127462.91334520484
1450,127462.91334520484
1455,127462.91334520484
1460,127462.91334520484
1465,127462.91334520484
1470,127462.91334520484
1475,127462.91334520484
1480,127462.91334520484
1485,127462.91334520484
1490,127462.91334520484
1495,127462.91334520484
1500,127462.91334520484
1505,127462.91334520484
1510,127462.91334520484
1515,127462.91334520484
1520,127462.91334520484
1525,127462.91334520484
1530,127462.91334520484
1535,127462.91334520484
1540,127462.91334520484
1545,127462.91334520484
1550,127462.91334520484
1555,127462.91334520484
1560,127462.91334520484
1565,127462.91334520484
1570,127462.91334520484
1575,127462.91334520484
1580,127462.91334520484
1585,664303.1555514768
1590,637979.2863919651
1595,611650.1363305533
1600,585332.5463541965
1605,559009.6011130072
1610,532689.7336618094
1615,506379.2130948861
1620,480052.8870005676
1625,453733.8577492785
1630,453733.8577492785
1635,453733.8577492785
1640,453733.8577492785
1645,453733.8577492785
1650,453733.8577492785
1655,453733.8577492785
1660,453733.8577492785
1665,453733.8577492785
1670,453733.8577492785
1675,453733.8577492785
1680,453733.8577492785
1685,453733.8577492785
1690,453733.8577492785
1695,453733.8577492785
1700,453733.8577492785
1705,453733.8577492785
1710,453733.8577492785
1715,453733.8577492785
1720,453733.8577492785
1725,453733.8577492785
1730,453733.8577492785
1735,453733.8577492785
1740,453733.8577492785
1745,453733.8577492785
1750,453733.8577492785
1755,453733.8577492785
1760,453733.8577492785
1765,453733.8577492785
1770,453733.8577492785
1775,453733.8577492785
1780,453733.8577492785
1785,453733.8577492785
1790,453733.8577492785
1795,453733.8577492785
1800,453733.8577492785
1805,453733.8577492785
1810,453733.8577492785
1815,453733.8577492785
1820,453733.8577492785
1825,453733.8577492785
1830,453733.8577492785
1835,453733.8577492785
1840,453733.8577492785
1845,453733.8577492785
1850,453733.8577492785
1855,453733.8577492785
1860,453733.8577492785
1865,354879.0166584346
1870,327507.49855894037
1875,300121.83605220844
1880,272751.88430497155
1885,245367.77760000614
1890,217993.5326173745
1895,190609.765846843
1900,190609.765846843
1905,190609.765846843
1910,190609.765846843
1915,190609.765846843
1920,190609.765846843
1925,190609.765846843
1930,190609.765846843
1935,190609.765846843
1940,190609.765846843
1945,190609.765846843
1950,190609.765846843
1955,190609.765846843
1960,190609.765846843
1965,190609.765846843
1970,190609.765846843
1975,190609.765846843
1980,190609.765846843
1985,190609.765846843
1990,190609.765846843
1995,190609.765846843
2000,190609.765846843
2005,190609.765846843
2010,190609.765846843
2015,167029.55471292516
2020,155835.08530698085
2025,144637.70190075226
2030,133438.3792028196
2035,122245.65948293955
2040,111047.09938516337
2045,111047.09938516337
2050,111047.09938516337
2055,111047.09938516337
2060,111047.09938516337
2065,111047.09938516337
2070,111047.09938516337
2075,111047.09938516337
2080,111047.09938516337
2085,111047.09938516337
2090,111047.09938516337
2095,111047.09938516337
2100,111047.09938516337
2105,111047.09938516337
2110,111047.09938516337
2115,111047.09938516337
2120,111047.09938516337
2125,111047.09938516337
2130,111047.09938516337
2135,111047.09938516337
2140,111047.09938516337
2145,111047.09938516337
2150,111047.09938516337
2155,111047.09938516337
2160,111047.09938516337
2165,111047.09938516337
2170,111047.09938516337
2175,111047.09938516337
2180,111047.09938516337
2185,111047.09938516337
2190,111047.09938516337
2195,111047.09938516337
2200,111047.09938516337
2205,111047.09938516337
2210,111047.09938516337
2215,111047.09938516337
2220,95780.10784034141
2225,57379.09380112417
2230,57379.09380112417
2235,57379.09380112417
2240,57379.09380112417
2245,57379.09380112417
2250,57379.09380112417
2255,57379.09380112417
2260,57379.09380112417
2265,57379.09380112417
2270,57379.09380112417
2275,57379.09380112417
2280,57379.09380112417
2285,57379.09380112417
2290,57379.09380112417
2295,57379.09380112417
2300,57379.09380112417
2305,57379.09380112417
2310,57379.09380112417
2315,57379.09380112417
2320,57379.09380112417
2325,57379.09380112417
2330,57379.09380112417
2335,57379.09380112417
2340,57379.09380112417
2345,891634.2902616516
2350,801588.4327005647
2355,801588.4327005647
2360,801588.4327005647
2365,801588.4327005647
2370,801588.4327005647
2375,801588.4327005647
2380,801588.4327005647
2385,801588.4327005647
2390,801588.4327005647
2395,801588.4327005647
2400,801588.4327005647
2405,801588.4327005647
2410,727037.370092562
2415,686488.4397890652
2420,645941.6350936705
2425,605391.6022069977
2430,564841.6945384748
2435,524296.4994077411
2440,483741.4646925992
2445,443197.77389315236
2450,443197.77389315236
2455,443197.77389315236
2460,443197.77389315236
2465,443197.77389315236
2470,443197.77389315236
2475,443197.77389315236
2480,443197.77389315236
2485,443197.77389315236
2490,443197.77389315236
2495,443197.77389315236
2500,443197.77389315236
2505,412000.4738296358
2510,384666.8231926028
2515,357353.222170724
2520,330039.47107485175
2525,302715.0827091475
2530,275400.7632636461
2535,248064.3327377024
2540,220753.79110190127
2545,220753.79110190127
2550,220753.79110190127
2555,220753.79110190127
2560,220753.79110190127
2565,220753.79110190127
2570,220753.79110190127
2575,220753.79110190127
2580,220753.79110190127
2585,220753.79110190127
2590,220753.79110190127
2595,220753.79110190127
2600,220753.79110190127
2605,220753.79110190127
2610,220753.79110190127
2615,220753.79110190127
2620,220753.79110190127
2625,220753.79110190127
2630,220753.79110190127
2635,220753.79110190127
2640,220753.79110190127
2645,220753.79110190127
2650,220753.79110190127
2655,220753.79110190127
2660,220753.79110190127
2665,220753.79110190127
2670,220753.79110190127
2675,220753.79110190127
2680,220753.79110190127
2685,220753.79110190127
2690,220753.79110190127
2695,220753.79110190127
2700,220753.79110190127
2705,220753.79110190127
2710,220753.79110190127
2715,220753.79110190127
2720,220753.79110190127
2725,220753.79110190127
2730,220753.79110190127
2735,220753.79110190127
2740,220753.79110190127
2745,220753.79110190127
2750,220753.79110190127
2755,220753.79110190127
2760,220753.79110190127
2765,220753.79110190127
2770,220753.79110190127
2775,220753.79110190127
